"lhs","op","rhs","est","se","t","df","pvalue","ci.lower","ci.upper","std.lv","std.all"
"Internalizing","=~","Worry_Frequency",0.388337736185965,0.00913005106437925,42.534015795493,111693.748349139,0,0.370442971006919,0.40623250136501,0.566978684102716,0.566978684102716
"Internalizing","=~","Nervous_Freq_30_Day",0.505255292761806,0.00715828108536936,70.5833267422937,44544.3259546155,0,0.491224938408677,0.519285647114935,0.737679999475608,0.737679999475608
"Internalizing","=~","Restless_Freq_30_Day",0.501583520861835,0.00737458142185833,68.015185156833,70164.9340332931,0,0.487129357535654,0.516037684188016,0.732319159654535,0.732319159654535
"Internalizing","=~","Afraid_Freq_30_Day",0.524243881523246,0.00778956324808591,67.3008055556986,79912.7962565014,0,0.508976386859236,0.539511376187255,0.765403612366457,0.765403612366457
"Internalizing","=~","Frustrated_Freq_30_Day",0.563664161471717,0.00719162147761259,78.3778961707585,47227.2408375126,0,0.549568481133758,0.577759841809675,0.82295778845982,0.82295778845982
"Internalizing","=~","Upset_Freq_30_Day",0.565748824822444,0.00708983480480655,79.7971801033918,35872.754983453,0,0.551852535081183,0.579645114563704,0.826001426956045,0.826001426956045
"Internalizing","=~","Hopeless_Freq",0.614196581750487,0.00773093234829325,79.4466377507602,48789.1631316873,0,0.599043856871299,0.629349306629675,0.896735849370343,0.896735849370343
"Internalizing","=~","Everything_Effort",0.51361853456185,0.00757618367255329,67.7938335131139,32259.4830552939,0,0.498768930271697,0.528468138852003,0.749890452874221,0.749890452874221
"Internalizing","=~","Worthless_Freq",0.619331923560592,0.00803061630501914,77.1213441206883,30030.441892233,0,0.603591570421019,0.635072276700164,0.904233522325094,0.904233522325094
"Internalizing","=~","Irritable_Freq",0.520608113697514,0.00698743812229357,74.5062932344979,838.423729710324,0,0.506893187997175,0.534323039397853,0.760095339011974,0.760095339011974
"Internalizing","=~","Ashamed_Freq",0.5360260189272,0.00828673180950412,64.6848517907177,58020.4615790491,0,0.519783984206104,0.552268053648296,0.782605702554295,0.782605702554295
"Internalizing","=~","Lonely_Frequency",0.515926643059804,0.00768369657711984,67.1456294352001,44104.272705502,0,0.500866461200331,0.530986824919278,0.753260324501401,0.753260324501401
"Internalizing","=~","Angry_Freq",0.548913081531969,0.00701911868353611,78.202564492817,34167.2353139035,0,0.535155374346411,0.562670788717528,0.8014209994383,0.8014209994383
"Anatagonistic","=~","People_Mean",0.39995134256065,0.00951692058750811,42.0252894708006,211623.67321272,0,0.381298414281482,0.418604270839817,0.639851602021779,0.639851602021779
"Anatagonistic","=~","Upset_Think_Day",0.467987605952966,0.00916054512752736,51.0873097002346,210005.468254675,0,0.450033163943997,0.485942047961935,0.748697622761282,0.748697622761282
"Anatagonistic","=~","Minor_Setback_Irritate",0.463785255486452,0.00871434484720917,53.2208976828571,54115.1312145403,0,0.446705071413703,0.480865439559201,0.741974603253358,0.741974603253358
"Anatagonistic","=~","Mood_Up_Down",0.503105097724187,0.0099782019950389,50.4204162207107,100735.91217562,0,0.483547946199907,0.522662249248468,0.804879415338702,0.804879415338702
"Anatagonistic","=~","Angry_Ready_Hit",0.375375647358985,0.00925927406023002,40.5405051105767,43774.8128490425,0,0.357227301880109,0.393523992837861,0.600534824523527,0.600534824523527
"Anatagonistic","=~","Enjoy_Hurting_Say_Mean",0.3703024225883,0.0109495346307173,33.819010129387,92004.4429953808,3.54215953150197e-249,0.348841446734756,0.391763398441844,0.592418559739525,0.592418559739525
"Anatagonistic","=~","When_Insult_Get_Even",0.281123804559453,0.0085515692941945,32.8739433533331,73179.3022953177,2.71386421227166e-235,0.264362759508725,0.29788484961018,0.449748500810561,0.449748500810561
"Anatagonistic","=~","Sometimes_Just_Hit_Someone",0.396394017098998,0.0101046135788052,39.2290129659632,13733.5599171891,3.90756519295842e-319,0.376587592831696,0.416200441366301,0.634160508747838,0.634160508747838
"Anatagonistic","=~","More_Sucessful",0.338446259950445,0.00890806343757873,37.9932476145946,136355.004347602,3.33070707951279e-314,0.320986621459117,0.355905898441773,0.54145431852059,0.54145431852059
"Detachment","=~","Others_More_Life",0.371813333581088,0.00931027651447624,39.935799221749,35297.8946685097,0,0.353564901188277,0.390061765973899,0.776752977237945,0.776752977237945
"Detachment","=~","Disapoint_Acheivment",0.343319384764159,0.00884576521493603,38.8117224934329,23537.06871509,1.85057228306297e-319,0.325981111928688,0.360657657599629,0.71722644180242,0.71722644180242
"Detachment","=~","Gave_Up",0.333942071363207,0.00873160683368945,38.2452024837796,31230.2942463848,8.36232436063925e-313,0.316827773158833,0.351056369567581,0.697636353322997,0.697636353322997
"Detachment","=~","No_Good_Sense",0.376974973896185,0.00947150219999813,39.8009698922161,37028.5691990726,0,0.358410563884216,0.395539383908153,0.787536128674628,0.787536128674628
"Detachment","=~","Difficult_Arrange",0.375416262706988,0.00953415157951721,39.3759486175485,30447.3935853559,0,0.356728926117264,0.394103599296713,0.784279834595012,0.784279834595012
"Detachment","=~","Maintaining_Relationships_Hard",0.324529435964205,0.00844443807186663,38.4311464187774,42337.0420894713,1.18995710800864e-317,0.307978168293221,0.341080703635189,0.677972473871951,0.677972473871951
"Detachment","=~","Dont_Fit_Community",0.297005536479013,0.00794174724027246,37.3980092155166,38130.8735682536,1.1730794355884e-300,0.281439503811091,0.312571569146936,0.620472462604448,0.620472462604448
"Detachment","=~","Few_Close_Friends",0.364818670280346,0.00910269703061212,40.0780855446985,38265.0473877491,0,0.346977147591871,0.38266019296882,0.762140468613523,0.762140468613523
"Detachment","=~","No_Warm_Relationship",0.340868598684969,0.0087133953587971,39.1200656746082,41828.4177236025,0,0.323790163410118,0.357947033959819,0.712106519487506,0.712106519487506
"Detachment","=~","Activities_Trivial",0.318397026721748,0.00832616262439372,38.2405486278779,44795.1157320554,7.17939629749919e-315,0.302077606897745,0.334716446545751,0.665161294964401,0.665161294964401
"Detachment","=~","Self_Attitude",0.351641177734419,0.00903492585553339,38.920206248185,43757.2836298699,0,0.333932558618934,0.369349796849904,0.734611448960044,0.734611448960044
"Somaticizing","=~","Backache_Frequency",0.4925564263124,0.0132116546476251,37.2819634973536,41818.6069474481,2.64249572483138e-299,0.466661309539451,0.518451543085349,0.591923020857255,0.591923020857255
"Somaticizing","=~","Swea_Frequency",0.474980797961909,0.0131184925026604,36.2069649287509,93618.6613187696,4.49354157778092e-285,0.449268692702005,0.500692903221813,0.570801747291556,0.570801747291556
"Somaticizing","=~","Hot_Flashes",0.418699636569236,0.0145446731744233,28.787146438293,26702.3961141813,1.71734402161458e-179,0.390191308757581,0.44720796438089,0.503166623092047,0.503166623092047
"Somaticizing","=~","Falling_Asleep",0.585147396635564,0.0147685850615371,39.621087206215,604693.57154769,0,0.556201443873637,0.614093349397491,0.70319296665435,0.70319296665435
"Somaticizing","=~","Extremities_Aches",0.459400858803777,0.0125938445835354,36.4782061392418,91111.4845366997,3.04351254340298e-289,0.434717049082731,0.484084668524823,0.552078766210391,0.552078766210391
"Disinhibited_Externalizing","=~","Actively_Carry_Plans",0.635705287709455,0.0100028076627688,63.5526853201022,414947.782506427,0,0.616100087759576,0.655310487659334,0.769291622832445,0.769291622832445
"Disinhibited_Externalizing","=~","Like_Difficult_Things",0.393102594484543,0.00990513558052762,39.6867454552907,58485.3658140554,0,0.373688483706502,0.412516705262583,0.475708695046868,0.475708695046868
"Disinhibited_Externalizing","=~","Like_Hard_Work",0.410526742707807,0.0106393583215685,38.5856675092493,117653.384878449,9.88131291682493e-324,0.389673769053011,0.431379716362603,0.496794332562084,0.496794332562084
"Disinhibited_Externalizing","=~","High_Standards",0.425513846554127,0.0108596961377215,39.1828501606127,84891.4903808056,0,0.404228929765429,0.446798763342826,0.514930808162337,0.514930808162337
"Disinhibited_Externalizing","=~","Plan_Future",0.556994511533982,0.00927722434720837,60.0389179659742,531704.740065763,0,0.538811444545296,0.575177578522668,0.674040659989887,0.674040659989887
"Disinhibited_Externalizing","=~","Will",0.497924949957438,0.00958439212547913,51.9516463265056,178233.783521752,0,0.479139759009777,0.516710140905098,0.602558292666887,0.602558292666887
"Disinhibited_Externalizing","=~","Change_For_Better",0.605015879852207,0.00910122774229801,66.4762927577773,223132.479913041,0,0.587177704500426,0.622854055203988,0.732153180175571,0.732153180175571
"Disinhibited_Externalizing","=~","Too_Much_Get_Done",0.463308222257252,0.00995327679586822,46.5483108487026,333604.427533515,0,0.443800087430886,0.482816357083619,0.560667247957195,0.560667247957195
"Disinhibited_Externalizing","=~","Dont_Give_Up",0.495934871634363,0.00882840804522579,56.1748923581476,88100.5301372744,0,0.47863127210032,0.513238471168406,0.600150021708125,0.600150021708125
"Disinhibited_Externalizing","=~","Know_Want_Life",0.650049939285428,0.00923127453395828,70.4182219794403,340899.728792704,0,0.631956909428158,0.668142969142699,0.786650642024511,0.786650642024511
"Disinhibited_Externalizing","=~","Goal_Keep_Benefits",0.449512245333235,0.00947386534547397,47.4476075964056,327502.107844066,0,0.43094374183725,0.46808074882922,0.543972201240378,0.543972201240378
"Disinhibited_Externalizing","=~","Weigh_Possibilities",0.390007622465222,0.0117498755477791,33.1924896463214,87024.9499235213,4.41443360027663e-240,0.366977969266664,0.413037275663781,0.471963349375852,0.471963349375852
"P_factor","=~","Internalizing",1.0637866455319,0.0238693354616604,44.5670826169662,61739.8859687648,0,1.01700269052768,1.11057060053612,0.728613807350611,0.728613807350611
"P_factor","=~","Anatagonistic",1.24877363595248,0.0314862978785136,39.6608594878551,79064.3059920866,0,1.18706068136472,1.31048659054024,0.780569573750226,0.780569573750226
"P_factor","=~","Detachment",1.83420648692646,0.0590656191763675,31.0537079353996,36752.4224322996,5.16273639760801e-209,1.71843618796399,1.94997678588892,0.877991392843118,0.877991392843118
"P_factor","=~","Somaticizing",0.666461208528329,0.0215365688368475,30.9455611790892,92309.6142816857,3.4524522274926e-209,0.624249755780618,0.70867266127604,0.554581828348455,0.554581828348455
"P_factor","=~","Disinhibited_Externalizing",-0.681495321086491,0.0181644345728398,-37.5181136717291,590940.518170892,1.07891631384401e-307,-0.717097031568233,-0.64589361060475,-0.563154681925212,-0.563154681925212
"Worry_Frequency","|","t1",0.496969926007977,0.0154981952989058,32.0663094265604,69215.5279407694,5.75003695344688e-224,0.466593490207353,0.527346361808602,0.496969926007977,0.496969926007977
"Worry_Frequency","|","t2",0.851969487260185,0.01694341494086,50.2832215485445,977223.708182547,0,0.81876096306974,0.885178011450631,0.851969487260185,0.851969487260185
"Worry_Frequency","|","t3",1.25626525506339,0.019953038518822,62.9611000789846,349293.59940184,0,1.21715788267033,1.29537262745644,1.25626525506339,1.25626525506339
"Worry_Frequency","|","t4",1.50600075607464,0.0228688607776086,65.8537725477428,140695.56399189,0,1.4611782269874,1.55082328516187,1.50600075607464,1.50600075607464
"Nervous_Freq_30_Day","|","t1",-0.119682590827111,0.0148524452981729,-8.05810682513224,159294.808237016,7.80151688196441e-16,-0.148793069883085,-0.0905721117711362,-0.119682590827111,-0.119682590827111
"Nervous_Freq_30_Day","|","t2",0.870999062717983,0.0170484254480852,51.0897071034679,373992.749706532,0,0.837584654706507,0.904413470729458,0.870999062717983,0.870999062717983
"Nervous_Freq_30_Day","|","t3",1.75266631213397,0.0269164100654414,65.115158666135,560750.28461663,0,1.69991100394166,1.80542162032628,1.75266631213397,1.75266631213397
"Nervous_Freq_30_Day","|","t4",2.38716334068168,0.0469588065419312,50.8352642767889,531210.522728804,0,2.29512556139417,2.47920111996919,2.38716334068168,2.38716334068168
"Restless_Freq_30_Day","|","t1",-0.0392977127184489,0.0148179841215019,-2.6520282648586,183852.938113614,0.00800167087204794,-0.0683406191191171,-0.0102548063177808,-0.0392977127184489,-0.0392977127184489
"Restless_Freq_30_Day","|","t2",0.853638651898994,0.0169525143626198,50.3546927399315,89277.9988305922,0,0.820411883837157,0.886865419960831,0.853638651898994,0.853638651898994
"Restless_Freq_30_Day","|","t3",1.68905150230144,0.0257375508979157,65.6259606440727,99543.8671156815,0,1.63860621612166,1.73949678848121,1.68905150230144,1.68905150230144
"Restless_Freq_30_Day","|","t4",2.31604963806193,0.0436736437999498,53.0308313332122,43762.0312329528,0,2.23044850159614,2.40165077452771,2.31604963806193,2.31604963806193
"Afraid_Freq_30_Day","|","t1",0.690591084117467,0.0161719276362626,42.7030778055761,146033.197112386,0,0.658894425678914,0.722287742556019,0.690591084117467,0.690591084117467
"Afraid_Freq_30_Day","|","t2",1.41912423424512,0.0217396248357141,65.2782301888561,110283.869094888,0,1.37651488489248,1.46173358359776,1.41912423424512,1.41912423424512
"Afraid_Freq_30_Day","|","t3",2.02603898873355,0.0333710488060478,60.7124756704194,162243.606809324,0,1.96063244700359,2.09144553046352,2.02603898873355,2.02603898873355
"Afraid_Freq_30_Day","|","t4",2.53565696283426,0.0551062541426674,46.0139597997274,336967.996076091,0,2.42765030143962,2.6436636242289,2.53565696283426,2.53565696283426
"Frustrated_Freq_30_Day","|","t1",-0.600453757178336,0.0158264085460654,-37.9399884332959,839230.040666332,1.04628966990038e-314,-0.631472992670184,-0.569434521686487,-0.600453757178336,-0.600453757178336
"Frustrated_Freq_30_Day","|","t2",0.533441950907495,0.0156058370544599,34.1822068913021,704365.445497285,7.21849568837572e-256,0.502855019772305,0.564028882042685,0.533441950907495,0.533441950907495
"Frustrated_Freq_30_Day","|","t3",1.51576978345106,0.0230044132574526,65.890390964873,358027.086591264,0,1.47068180955427,1.56085775734785,1.51576978345106,1.51576978345106
"Frustrated_Freq_30_Day","|","t4",2.13101483820795,0.036602551953675,58.2203896849872,776874.085414061,0,2.05927504286637,2.20275463354954,2.13101483820795,2.13101483820795
"Upset_Freq_30_Day","|","t1",-0.37136309675418,0.0151910791792071,-24.446130019682,267723.063238387,7.72748725585237e-132,-0.401137199439178,-0.341588994069183,-0.37136309675418,-0.37136309675418
"Upset_Freq_30_Day","|","t2",0.711257586154191,0.0162594183545555,43.7443437793648,174966.880768061,0,0.679389491316471,0.743125680991912,0.711257586154191,0.711257586154191
"Upset_Freq_30_Day","|","t3",1.74153123523276,0.026702567740292,65.2196167863264,100898.624217085,0,1.68919453634402,1.79386793412151,1.74153123523276,1.74153123523276
"Upset_Freq_30_Day","|","t4",2.31155562517066,0.0434761729903835,53.1683325871842,754111.445862113,0,2.22634375515704,2.39676749518428,2.31155562517066,2.31155562517066
"Hopeless_Freq","|","t1",0.83565977937476,0.0168558903891528,49.5767212577822,180326.272328479,0,0.802622619536569,0.868696939212951,0.83565977937476,0.83565977937476
"Hopeless_Freq","|","t2",1.37813408278866,0.0212516949448659,64.8481961727759,74827.6767504008,0,1.33648085233042,1.41978731324689,1.37813408278866,1.37813408278866
"Hopeless_Freq","|","t3",1.93843564466808,0.0310248519753217,62.4800932558835,110053.842911899,0,1.87762738340575,1.99924390593041,1.93843564466808,1.93843564466808
"Hopeless_Freq","|","t4",2.4476509647665,0.0500532378338549,48.9009516805118,66085.3415631752,0,2.34954662450477,2.54575530502824,2.4476509647665,2.4476509647665
"Everything_Effort","|","t1",0.163243924318785,0.0148857775213271,10.9664358536128,141729.402402691,5.68689928300481e-28,0.1340680873344,0.19241976130317,0.163243924318785,0.163243924318785
"Everything_Effort","|","t2",0.894615768919249,0.017183145382308,52.0635628119842,163673.597066664,0,0.860937173775948,0.92829436406255,0.894615768919249,0.894615768919249
"Everything_Effort","|","t3",1.50504900717315,0.0228557764481918,65.8498305924854,74317.1545876562,0,1.46025177890712,1.54984623543917,1.50504900717315,1.50504900717315
"Everything_Effort","|","t4",2.04032044480484,0.0337823848325611,60.3959861009659,118959.74186128,0,1.97410751353289,2.10653337607679,2.04032044480484,2.04032044480484
"Worthless_Freq","|","t1",0.871722666977563,0.0170524894836923,51.1199650825887,99773.6166432549,0,0.838299996288771,0.905145337666354,0.871722666977563,0.871722666977563
"Worthless_Freq","|","t2",1.39228838291176,0.0214171139925854,65.0082164848995,52856.5996109468,0,1.35031064958463,1.4342661162389,1.39228838291176,1.39228838291176
"Worthless_Freq","|","t3",1.94134545943723,0.0310981507189369,62.4263956073459,116355.743938896,0,1.88039357000397,2.00229734887048,1.94134545943723,1.94134545943723
"Worthless_Freq","|","t4",2.42700706270327,0.048963117573685,49.5680663930529,789181.997763203,0,2.33104096850531,2.52297315690124,2.42700706270327,2.42700706270327
"Irritable_Freq","|","t1",-0.315643357269145,0.0150854458684332,-20.9237008983368,162.381193955753,5.85825841408751e-48,-0.34543229910844,-0.285854415429851,-0.315643357269145,-0.315643357269145
"Irritable_Freq","|","t2",0.75941263683056,0.0164763357675127,46.0911119769685,172.604655940551,6.11566477959882e-99,0.726891592883776,0.791933680777345,0.75941263683056,0.75941263683056
"Irritable_Freq","|","t3",1.67782126974455,0.0255448265561048,65.6814508432658,175.688158769523,1.40876597190247e-125,1.62740705662668,1.72823548286241,1.67782126974455,1.67782126974455
"Irritable_Freq","|","t4",2.32380300865643,0.0440129207344257,52.798200389342,8.10858671487318e+54,0,2.23753926916254,2.41006674815032,2.32380300865643,2.32380300865643
"Ashamed_Freq","|","t1",0.878197983673758,0.0170889694201326,51.3897568708355,360052.230339452,0,0.844704106483159,0.911691860864356,0.878197983673758,0.878197983673758
"Ashamed_Freq","|","t2",1.52400128956939,0.023120155708628,65.916566859481,48277.1781637269,0,1.47868548094426,1.56931709819452,1.52400128956939,1.52400128956939
"Ashamed_Freq","|","t3",2.14595547659307,0.0371043305223133,57.8357147638754,201351.888396271,0,2.07323188794351,2.21867906524263,2.14595547659307,2.14595547659307
"Ashamed_Freq","|","t4",2.51096073181875,0.0536159581324852,46.8323390885632,881520.759464714,0,2.40587524059572,2.61604622304178,2.51096073181875,2.51096073181875
"Lonely_Frequency","|","t1",0.351049937553225,0.015150353096334,23.1710729988313,738504.73458893,9.83219572589236e-119,0.321355742464352,0.380744132642097,0.351049937553225,0.351049937553225
"Lonely_Frequency","|","t2",1.02774967494667,0.0180394258732473,56.9724159830849,493715.162324103,0,0.992392963254775,1.06310638663856,1.02774967494667,1.02774967494667
"Lonely_Frequency","|","t3",1.68024004281161,0.0255822424221657,65.6799359135059,193355.915664428,0,1.63009945515159,1.73038063047164,1.68024004281161,1.68024004281161
"Lonely_Frequency","|","t4",2.22338996221158,0.039888654496923,55.7399087598477,231761.342789377,0,2.14520922771,2.30157069671315,2.22338996221158,2.22338996221158
"Angry_Freq","|","t1",-0.333313336195058,0.0151167745370208,-22.0492364544286,359336.273001431,1.14573277614881e-107,-0.362941769648494,-0.303684902741621,-0.333313336195058,-0.333313336195058
"Angry_Freq","|","t2",0.800864047898005,0.0166765808192479,48.0232762685778,223509.246779348,0,0.768178373105009,0.833549722691002,0.800864047898005,0.800864047898005
"Angry_Freq","|","t3",1.82321301850107,0.0283518642196927,64.3066362188169,195152.317976109,0,1.76764404108859,1.87878199591355,1.82321301850107,1.82321301850107
"Angry_Freq","|","t4",2.34942231511795,0.0451696932116346,52.0132449009593,9208972.00594659,0,2.26089133159451,2.43795329864138,2.34942231511795,2.34942231511795
"People_Mean","|","t1",0.365815022147088,0.0151797162122448,24.0989368333514,175350.659365038,4.1507907131205e-128,0.336063119711916,0.395566924582259,0.365815022147088,0.365815022147088
"People_Mean","|","t2",1.23657754801214,0.0197629918359423,62.5703617284919,137997.329162431,0,1.19784245604426,1.27531263998002,1.23657754801214,1.23657754801214
"People_Mean","|","t3",2.01306972725004,0.0330049633139745,60.9929393982296,84388.7702638547,0,1.94838026002074,2.07775919447934,2.01306972725004,2.01306972725004
"Upset_Think_Day","|","t1",-0.323738746228091,0.01509940931485,-21.4404907819606,240794.882697566,6.98099898541842e-102,-0.353333193430636,-0.294144299025547,-0.323738746228091,-0.323738746228091
"Upset_Think_Day","|","t2",0.458493046924077,0.0153937968765042,29.7842728861702,156887.388533088,2.18425319457677e-194,0.428321526691689,0.488664567156464,0.458493046924077,0.458493046924077
"Upset_Think_Day","|","t3",1.63135651996062,0.0247543578706608,65.9017910496529,114286.574588498,0,1.58283835623678,1.67987468368446,1.63135651996062,1.63135651996062
"Minor_Setback_Irritate","|","t1",-0.624459133701745,0.0159128288263496,-39.2424967625944,219021.184065433,0,-0.655647877450161,-0.593270389953328,-0.624459133701745,-0.624459133701745
"Minor_Setback_Irritate","|","t2",0.148813751538785,0.0148735854358968,10.0052372832464,385699.899677402,1.45505303703784e-23,0.119661968282253,0.177965534795317,0.148813751538785,0.148813751538785
"Minor_Setback_Irritate","|","t3",1.42235110134923,0.0217791934581375,65.3077949871368,214965.034650138,0,1.37966442621084,1.46503777648763,1.42235110134923,1.42235110134923
"Mood_Up_Down","|","t1",-0.391296798406224,0.0152334192744658,-25.6867346297042,126938.034203569,3.87453620828305e-145,-0.421154036236773,-0.361439560575675,-0.391296798406224,-0.391296798406224
"Mood_Up_Down","|","t2",0.41394909914635,0.015284412573332,27.0830885492192,578117.836066283,1.9667684489776e-161,0.383992138258986,0.443906060033714,0.41394909914635,0.41394909914635
"Mood_Up_Down","|","t3",1.38829525975294,0.0213700628812259,64.9644910952783,645074.709098189,0,1.34641062756953,1.43017989193634,1.38829525975294,1.38829525975294
"Angry_Ready_Hit","|","t1",0.578926338259227,0.0157522778353168,36.7519126003012,106463.375198781,7.63134459707633e-294,0.548052090023325,0.609800586495128,0.578926338259227,0.578926338259227
"Angry_Ready_Hit","|","t2",1.28512854542734,0.0202412188399146,63.4906699834267,147237.437304175,0,1.24545615937128,1.32480093148339,1.28512854542734,1.28512854542734
"Angry_Ready_Hit","|","t3",1.98478138590672,0.0322293913159902,61.5829621616836,123964.863277028,0,1.92161232291548,2.04795044889795,1.98478138590672,1.98478138590672
"Enjoy_Hurting_Say_Mean","|","t1",0.952796271301754,0.0175365174774251,54.3321256645338,251492.118497078,0,0.918425163212752,0.987167379390756,0.952796271301754,0.952796271301754
"Enjoy_Hurting_Say_Mean","|","t2",1.63569316854912,0.0248255456148103,65.8875012830858,188798.53957898,0,1.58703568131027,1.68435065578796,1.63569316854912,1.63569316854912
"Enjoy_Hurting_Say_Mean","|","t3",2.42508315672942,0.0488643939196598,49.6288393695542,146659.635991453,0,2.32930991411532,2.52085639934351,2.42508315672942,2.42508315672942
"When_Insult_Get_Even","|","t1",-0.014682220787021,0.0148144065832381,-0.991077212882312,218534.857661141,0.321648976223059,-0.0437180849588678,0.0143536433848257,-0.014682220787021,-0.014682220787021
"When_Insult_Get_Even","|","t2",0.882796232106323,0.0171151068072449,51.579942915263,232174.800873887,0,0.849251064296208,0.916341399916437,0.882796232106323,0.882796232106323
"When_Insult_Get_Even","|","t3",1.92271087966824,0.0306337411163803,62.7644815683363,473948.650512409,0,1.86266969703592,1.98275206230055,1.92271087966824,1.92271087966824
"Sometimes_Just_Hit_Someone","|","t1",1.00091009272812,0.0178529348579024,56.064176601478,400068.085736399,0,0.965918877525988,1.03590130793026,1.00091009272812,1.00091009272812
"Sometimes_Just_Hit_Someone","|","t2",1.59132374010844,0.024116584957188,65.9846219078436,352766.27939434,0,1.54405593998328,1.63859154023361,1.59132374010844,1.59132374010844
"Sometimes_Just_Hit_Someone","|","t3",2.15422297016546,0.0373870122081176,57.6195540358725,66159.3835178481,0,2.08094443214105,2.22750150818986,2.15422297016546,2.15422297016546
"More_Sucessful","|","t1",-0.057411202783675,0.0148227019488562,-3.8731941707905,165202.00703192,0.000107459539543448,-0.0864633776098828,-0.0283590279574671,-0.057411202783675,-0.057411202783675
"More_Sucessful","|","t2",0.857227346569806,0.016972120774583,50.5079688010216,307941.217680488,0,0.823962470362583,0.890492222777029,0.857227346569806,0.857227346569806
"More_Sucessful","|","t3",1.68452209715144,0.0256574459158205,65.6543173735292,255964.458698903,0,1.63423418942757,1.73481000487531,1.68452209715144,1.68452209715144
"Others_More_Life","|","t1",-0.36388284020062,0.0151757963781599,-23.9778415005818,2317106.30888718,4.90862758379817e-127,-0.393626870075631,-0.334138810325608,-0.36388284020062,-0.36388284020062
"Others_More_Life","|","t2",0.150244972041087,0.0148747435489231,10.1006764618785,378753.673754796,5.52479930276775e-24,0.121090917239737,0.179399026842436,0.150244972041087,0.150244972041087
"Others_More_Life","|","t3",0.34724411372934,0.0151429951172776,22.9310061213153,251902.304162824,3.00190297263466e-116,0.317564246072706,0.376923981385975,0.34724411372934,0.34724411372934
"Others_More_Life","|","t4",0.753783461916109,0.0164495858371565,45.8238565626044,497108.119528381,0,0.721542787614712,0.786024136217506,0.753783461916109,0.753783461916109
"Others_More_Life","|","t5",1.21339482668201,0.0195457381939859,62.0797646340809,248507.302735555,0,1.17508569718443,1.2517039561796,1.21339482668201,1.21339482668201
"Others_More_Life","|","t6",1.82826702476407,0.0284601902486474,64.2394519780474,358280.656989059,0,1.77248588844048,1.88404816108767,1.82826702476407,1.82826702476407
"Disapoint_Acheivment","|","t1",-0.474291090027196,0.0154355298622371,-30.7272308926399,811295.716901296,3.24405408407968e-207,-0.504544217773838,-0.444037962280554,-0.474291090027196,-0.474291090027196
"Disapoint_Acheivment","|","t2",0.0493682381905022,0.0148203846641524,3.33110370002166,2373919.3142215,0.000865036900925358,0.0203208032016307,0.0784156731793737,0.0493682381905022,0.0493682381905022
"Disapoint_Acheivment","|","t3",0.248437566882835,0.0149811542440398,16.5833394967998,2980369.63450109,9.2562335976897e-62,0.219075032193191,0.277800101572478,0.248437566882835,0.248437566882835
"Disapoint_Acheivment","|","t4",0.45304434091567,0.0153797583271444,29.457182049218,590670.78508349,1.40159012281623e-190,0.422900506734726,0.483188175096613,0.45304434091567,0.45304434091567
"Disapoint_Acheivment","|","t5",0.926728198227822,0.0173743255118245,53.33894530738,627434.652766705,0,0.89267508027816,0.960781316177484,0.926728198227822,0.926728198227822
"Disapoint_Acheivment","|","t6",1.66894393103404,0.0253859192345319,65.7428992669214,295514.682363567,0,1.61918823983129,1.71869962223678,1.66894393103404,1.66894393103404
"Gave_Up","|","t1",-0.162068819326307,0.0148847376425795,-10.8882550178574,1801760.77488537,1.31388919512569e-27,-0.191242388622952,-0.132895250029662,-0.162068819326307,-0.162068819326307
"Gave_Up","|","t2",0.363682436611225,0.015175391549828,23.9652753220294,2384818.77675117,6.63036046381455e-127,0.333939200626714,0.393425672595736,0.363682436611225,0.363682436611225
"Gave_Up","|","t3",0.613986432385776,0.0158746341810471,38.67720196783,1002691.09040523,0,0.582872683565264,0.645100181206288,0.613986432385776,0.613986432385776
"Gave_Up","|","t4",0.988548891834769,0.0177694796715052,55.6318423560813,427927.239985395,0,0.953721253146868,1.02337653052267,0.988548891834769,0.988548891834769
"Gave_Up","|","t5",1.38963797347381,0.0213858422838914,64.9793426429848,366380.760654623,0,1.34772235434713,1.43155359260049,1.38963797347381,1.38963797347381
"Gave_Up","|","t6",1.95314762354883,0.0313984509698005,62.2052223349297,512639.322159833,0,1.891607645179,2.01468760191866,1.95314762354883,1.95314762354883
"No_Good_Sense","|","t1",-0.223941718593843,0.014949599577436,-14.9797803903622,1227562.93443783,1.00580516075107e-50,-0.253242424239113,-0.194641012948572,-0.223941718593843,-0.223941718593843
"No_Good_Sense","|","t2",0.33529672681542,0.0151204364013378,22.1750694170278,1296671.98315674,6.26474108028138e-109,0.305661188375291,0.364932265255549,0.33529672681542,0.33529672681542
"No_Good_Sense","|","t3",0.55261000247437,0.0156658755455529,35.2747601541645,2188641.6433852,1.70933778971368e-272,0.521905433638529,0.58331457131021,0.55261000247437,0.55261000247437
"No_Good_Sense","|","t4",0.900661092238338,0.0172184130046547,52.3080200245434,2716971.0435369,0,0.866913607844345,0.934408576632331,0.900661092238338,0.900661092238338
"No_Good_Sense","|","t5",1.36867326337323,0.021142874345586,64.7344935698853,368894.178618583,0,1.32723385516096,1.4101126715855,1.36867326337323,1.36867326337323
"No_Good_Sense","|","t6",1.91241873156645,0.0303825442671262,62.9446538365018,494694.357493676,0,1.85286989334653,1.97196756978637,1.91241873156645,1.91241873156645
"Difficult_Arrange","|","t1",-0.56316935652489,0.0156999867143447,-35.8706900057651,1286103.03175044,1.20784242227375e-281,-0.593940794002077,-0.532397919047704,-0.56316935652489,-0.56316935652489
"Difficult_Arrange","|","t2",0.0204807609685265,0.0148149520279634,1.38243856138506,2247329.22820604,0.166837220184772,-0.00855602707757947,0.0495175490146324,0.0204807609685265,0.0204807609685265
"Difficult_Arrange","|","t3",0.242813876791089,0.0149736134721009,16.2161175886839,1182047.92621805,3.9371418774373e-59,0.213466103616529,0.272161649965649,0.242813876791089,0.242813876791089
"Difficult_Arrange","|","t4",0.582983360926308,0.0157660033616597,36.977244489496,523562.813097154,6.49007465750094e-299,0.552082490721149,0.613884231131467,0.582983360926308,0.582983360926308
"Difficult_Arrange","|","t5",1.14186607387773,0.0189180800243065,60.3584545794621,412299.019465169,0,1.10478720952296,1.1789449382325,1.14186607387773,1.14186607387773
"Difficult_Arrange","|","t6",1.82501389017349,0.0283904060925125,64.28276806702,163535.296114879,0,1.76936930488657,1.88065847546041,1.82501389017349,1.82501389017349
"Maintaining_Relationships_Hard","|","t1",-0.392364414420269,0.0152357486976096,-25.7528804266657,858295.498149238,3.40278865930444e-146,-0.422225975255733,-0.362502853584804,-0.392364414420269,-0.392364414420269
"Maintaining_Relationships_Hard","|","t2",0.134982382787654,0.0148629689587505,9.081791340766,935673.490928254,1.07001347443185e-19,0.105851461242108,0.1641133043332,0.134982382787654,0.134982382787654
"Maintaining_Relationships_Hard","|","t3",0.320290446775824,0.0150932828719309,21.2207277564161,626406.305613516,6.66680574869727e-100,0.290708098778293,0.349872794773355,0.320290446775824,0.320290446775824
"Maintaining_Relationships_Hard","|","t4",0.608272648338525,0.0158541173873123,38.3668566012581,1834610.75552281,6.32404026676796e-322,0.577199128752302,0.639346167924747,0.608272648338525,0.608272648338525
"Maintaining_Relationships_Hard","|","t5",1.08451677111363,0.0184585970524384,58.7540194974006,978265.46115646,0,1.04833854092398,1.12069500130327,1.08451677111363,1.08451677111363
"Maintaining_Relationships_Hard","|","t6",1.69111028061455,0.0257740174943892,65.6129872257087,503856.684012596,0,1.64059401323845,1.74162654799065,1.69111028061455,1.69111028061455
"Dont_Fit_Community","|","t1",-0.292677618853418,0.0150467108380851,-19.4512689186937,576862.900598202,3.02595143055277e-84,-0.322168692059559,-0.263186545647277,-0.292677618853418,-0.292677618853418
"Dont_Fit_Community","|","t2",0.324996773533,0.0151016592702831,21.5206003338008,460662.343028166,1.12236747477189e-102,0.295397987487288,0.354595559578712,0.324996773533,0.324996773533
"Dont_Fit_Community","|","t3",0.555413392868649,0.0156748630327203,35.4333809302997,337381.745394751,1.68012686111447e-274,0.524691115645056,0.586135670092243,0.555413392868649,0.555413392868649
"Dont_Fit_Community","|","t4",0.980547786242835,0.0177162683890789,55.3473093039892,304144.248726509,0,0.945824400075501,1.01527117241017,0.980547786242835,0.980547786242835
"Dont_Fit_Community","|","t5",1.40672246171108,0.0215890598196663,65.1590422862991,561478.954682503,0,1.36440859078961,1.44903633263255,1.40672246171108,1.40672246171108
"Dont_Fit_Community","|","t6",1.98502035851784,0.032235641585227,61.5784349528051,465561.637592109,0,1.92183949773499,2.04820121930069,1.98502035851784,1.98502035851784
"Few_Close_Friends","|","t1",-0.197753373680984,0.0149195634853727,-13.2546353567826,975681.977798821,4.27579531003254e-40,-0.226995217052814,-0.168511530309153,-0.197753373680984,-0.197753373680984
"Few_Close_Friends","|","t2",0.250882877124703,0.0149844904144472,16.7428367722679,728023.537857716,6.56295432187283e-63,0.221513766758525,0.280251987490882,0.250882877124703,0.250882877124703
"Few_Close_Friends","|","t3",0.449268505060661,0.0153701389261577,29.2299573360442,1497891.19524199,9.12224385519355e-188,0.419143561985681,0.479393448135641,0.449268505060661,0.449268505060661
"Few_Close_Friends","|","t4",0.714225054329596,0.0162722400492317,43.8922393087066,306896.967189542,0,0.682331924102653,0.74611818455654,0.714225054329596,0.714225054329596
"Few_Close_Friends","|","t5",1.19987047638945,0.0194222063492758,61.7782786781171,169701.82572725,0,1.16180337993857,1.23793757284034,1.19987047638945,1.19987047638945
"Few_Close_Friends","|","t6",1.72476018519351,0.0263864367042323,65.3654074070887,330654.552725189,0,1.67304353026348,1.77647684012353,1.72476018519351,1.72476018519351
"No_Warm_Relationship","|","t1",-0.139199560749655,0.0148660954913878,-9.36355890020319,583335.998719901,7.73553061817867e-21,-0.168336632960059,-0.11006248853925,-0.139199560749655,-0.139199560749655
"No_Warm_Relationship","|","t2",0.354043888383258,0.0151562027078975,23.3596696485707,819475.186104899,1.20397961037588e-120,0.324338233058144,0.383749543708373,0.354043888383258,0.354043888383258
"No_Warm_Relationship","|","t3",0.569635656957124,0.0157212446328676,36.233496155019,311519.263142087,7.19745483783396e-287,0.538822463964198,0.60044884995005,0.569635656957124,0.569635656957124
"No_Warm_Relationship","|","t4",0.797296887527495,0.0166587558347144,47.8605302483662,762245.905311769,0,0.764646274218539,0.829947500836451,0.797296887527495,0.797296887527495
"No_Warm_Relationship","|","t5",1.17502154538405,0.0192011983081749,61.1952195131375,1254256.90431573,0,1.1373878519233,1.2126552388448,1.17502154538405,1.17502154538405
"No_Warm_Relationship","|","t6",1.69382303768399,0.0258223169876218,65.5953158074829,1047241.81879224,0,1.64321216789663,1.74443390747134,1.69382303768399,1.69382303768399
"Activities_Trivial","|","t1",-0.490824133579994,0.0154808858112946,-31.7051711099049,786648.211268629,1.81850283892002e-220,-0.521166158904218,-0.460482108255769,-0.490824133579994,-0.490824133579994
"Activities_Trivial","|","t2",0.130922418756242,0.0148600517102905,8.81036091318438,647093.598753041,1.25041727126186e-18,0.101797198118021,0.160047639394464,0.130922418756242,0.130922418756242
"Activities_Trivial","|","t3",0.367164330980618,0.0151824601797475,24.1834542382264,620592.066824002,3.81429404073281e-129,0.337407197795114,0.396921464166123,0.367164330980618,0.367164330980618
"Activities_Trivial","|","t4",0.706521924163099,0.0162390849842726,43.5074959486546,483116.217369357,0,0.674693822712201,0.738350025613997,0.706521924163099,0.706521924163099
"Activities_Trivial","|","t5",1.22515600359105,0.0196550719097923,62.3328171585407,380378.992786451,0,1.18663264795313,1.26367935922898,1.22515600359105,1.22515600359105
"Activities_Trivial","|","t6",1.90714420331686,0.030255411781802,63.0348123195589,88123.6559159778,0,1.84784387140646,1.96644453522726,1.90714420331686,1.90714420331686
"Self_Attitude","|","t1",-0.574535732281741,0.015737533254029,-36.5073562042928,2624435.78185195,1.00409419309534e-291,-0.605380744890564,-0.543690719672917,-0.574535732281741,-0.574535732281741
"Self_Attitude","|","t2",-0.00932752254570652,0.0148140566765515,-0.629639993241733,4762629.31081604,0.52893018130807,-0.0383625474755833,0.0197075023841703,-0.00932752254570652,-0.00932752254570652
"Self_Attitude","|","t3",0.168758814058572,0.0148907328353634,11.333143635335,2079799.94858821,9.00996852240637e-30,0.139573497013105,0.19794413110404,0.168758814058572,0.168758814058572
"Self_Attitude","|","t4",0.519086289335242,0.0155624399517014,33.3550709879843,2300855.73943762,7.03695237152487e-244,0.488584451472854,0.54958812719763,0.519086289335242,0.519086289335242
"Self_Attitude","|","t5",0.934669088195256,0.0174230579041382,53.6455249898044,770719.333083421,0,0.900520468574399,0.968817707816113,0.934669088195256,0.934669088195256
"Self_Attitude","|","t6",1.63186962149427,0.024762694844392,65.900324328547,595442.612460844,0,1.58333553278318,1.68040371020537,1.63186962149427,1.63186962149427
"Backache_Frequency","|","t1",-0.493307028786691,0.0154878478986595,-31.8512314954609,399898.487646686,2.40889240004319e-222,-0.523662744743128,-0.462951312830254,-0.493307028786691,-0.493307028786691
"Backache_Frequency","|","t2",0.0573428345430943,0.0148226762650084,3.86858847335568,4174737.04655871,0.000109468876966268,0.028290914486275,0.0863947545999137,0.0573428345430943,0.0573428345430943
"Backache_Frequency","|","t3",0.489804931573029,0.0154780396121485,31.645152993961,908204.776747191,1.16568064784166e-219,0.459468490952554,0.520141372193505,0.489804931573029,0.489804931573029
"Backache_Frequency","|","t4",0.687952279276273,0.0161609758034996,42.5687339453414,1853363.12302555,0,0.656277328060621,0.719627230491925,0.687952279276273,0.687952279276273
"Backache_Frequency","|","t5",1.1391211345212,0.0188952241175383,60.2861933489256,586959.017858298,0,1.10208709940335,1.17615516963905,1.1391211345212,1.1391211345212
"Swea_Frequency","|","t1",0.00516675169053138,0.0148138987383507,0.34877730581184,178613.40931381,0.72725691327946,-0.0238681530607955,0.0342016564418582,0.00516675169053138,0.00516675169053138
"Swea_Frequency","|","t2",0.284589063486883,0.0150338974259629,18.9298260739367,245237.60406542,7.38794701354712e-80,0.255123020555743,0.314055106418022,0.284589063486883,0.284589063486883
"Swea_Frequency","|","t3",0.592570068044476,0.015798897569997,37.5070517052912,165817.381333413,1.3795299455973e-306,0.561604571782831,0.623535564306121,0.592570068044476,0.592570068044476
"Swea_Frequency","|","t4",0.758686342963052,0.0164724116756179,46.0580003646972,154874.657831097,0,0.72640075702449,0.790971928901615,0.758686342963052,0.758686342963052
"Swea_Frequency","|","t5",1.25390428566603,0.0199299782804944,62.9154868118066,216851.915912646,0,1.2148420279966,1.29296654333547,1.25390428566603,1.25390428566603
"Hot_Flashes","|","t1",0.443937512397799,0.0153567208885191,28.9083532624269,48471.4109549826,3.3288592581645e-182,0.413838140933834,0.474036883861765,0.443937512397799,0.443937512397799
"Hot_Flashes","|","t2",0.717001318496343,0.0162843069479328,44.0302016406885,69922.0558207519,0,0.685084110872145,0.748918526120542,0.717001318496343,0.717001318496343
"Hot_Flashes","|","t3",0.990581946589506,0.0177831257337998,55.7034776347973,45935.8778839294,0,0.955726742219146,1.02543715095987,0.990581946589506,0.990581946589506
"Hot_Flashes","|","t4",1.12251152096206,0.0187588398332872,59.839069523382,69139.740310657,0,1.08574422684666,1.15927881507746,1.12251152096206,1.12251152096206
"Hot_Flashes","|","t5",1.49308878670251,0.0226924171836587,65.796815500894,147349.758281782,0,1.44861210095874,1.53756547244628,1.49308878670251,1.49308878670251
"Falling_Asleep","|","t1",-0.588509799756334,0.0157848885232513,-37.2831140929158,357982.213555837,1.18619107941586e-303,-0.619447717365299,-0.557571882147369,-0.588509799756334,-0.588509799756334
"Falling_Asleep","|","t2",-0.164522721365174,0.0148869092978527,-11.0515029059057,695343.991861612,2.16753425586579e-28,-0.19370057821911,-0.135344864511238,-0.164522721365174,-0.164522721365174
"Falling_Asleep","|","t3",0.256465077503665,0.0149922287670059,17.10653442456,838497.612888085,1.36115139889244e-65,0.227080806656386,0.285849348350945,0.256465077503665,0.256465077503665
"Falling_Asleep","|","t4",0.494347252531732,0.0154907759113276,31.9123622574801,372810.258210355,3.60695388869157e-223,0.463985791081522,0.524708713981943,0.494347252531732,0.494347252531732
"Falling_Asleep","|","t5",1.11317883698039,0.0186835814868473,59.5805915350884,100849.921100383,0,1.07655925066885,1.14979842329193,1.11317883698039,1.11317883698039
"Extremities_Aches","|","t1",-0.532773625372663,0.0156037866092819,-34.1438676850235,896364.848911976,2.40968914450445e-255,-0.563356526445505,-0.502190724299821,-0.532773625372663,-0.532773625372663
"Extremities_Aches","|","t2",-0.110996649408551,0.0148470323686128,-7.47601585642135,729842.136736332,7.6694644182756e-14,-0.140096346387049,-0.081896952430052,-0.110996649408551,-0.110996649408551
"Extremities_Aches","|","t3",0.306016955196423,0.0150686613715166,20.3081712204954,1032288.04787995,1.13483907885118e-91,0.276482886984127,0.335551023408719,0.306016955196423,0.306016955196423
"Extremities_Aches","|","t4",0.452760953761373,0.0153790336538528,29.4401432464482,524645.864144665,2.40906747277716e-190,0.422618532143843,0.482903375378903,0.452760953761373,0.452760953761373
"Extremities_Aches","|","t5",0.895735128819459,0.0171896447830273,52.108995859175,755685.512569835,0,0.862043990175342,0.929426267463577,0.895735128819459,0.895735128819459
"Actively_Carry_Plans","|","t1",-2.06917660633701,0.0346396833992353,-59.734281704858,170325.247828171,0,-2.13706962069644,-2.00128359197759,-2.06917660633701,-2.06917660633701
"Actively_Carry_Plans","|","t2",-1.55855631752503,0.0236200638562892,-65.9844243863057,423107.494362569,0,-1.6048509244288,-1.51226171062126,-1.55855631752503,-1.55855631752503
"Actively_Carry_Plans","|","t3",-1.20158755078294,0.0194377480829128,-61.8172200636362,590343.822095427,0,-1.23968491507592,-1.16349018648996,-1.20158755078294,-1.20158755078294
"Actively_Carry_Plans","|","t4",-0.827010587144516,0.0168103736629852,-49.1964428468066,1214771.36259394,0,-0.859958346918867,-0.794062827370165,-0.827010587144516,-0.827010587144516
"Actively_Carry_Plans","|","t5",-0.362571438112326,0.015173152671082,-23.8955901895945,995850.971784489,3.69500599882771e-126,-0.392310307024417,-0.332832569200235,-0.362571438112326,-0.362571438112326
"Actively_Carry_Plans","|","t6",0.486596996569218,0.0154691268605461,31.456009182411,361905.347740592,6.83314084876601e-217,0.45627796365059,0.516916029487846,0.486596996569218,0.486596996569218
"Like_Difficult_Things","|","t1",-1.48935802151026,0.0226420427212568,-65.7784299696605,74092.9838829798,0,-1.53373633473331,-1.4449797082872,-1.48935802151026,-1.48935802151026
"Like_Difficult_Things","|","t2",-0.53403270461444,0.0156076633700788,-34.2160573272119,46177.7603901141,2.08595442634618e-253,-0.564623964529396,-0.503441444699484,-0.53403270461444,-0.53403270461444
"Like_Difficult_Things","|","t3",0.83189403993479,0.0168359999314233,49.4116205347633,167405.461740732,0,0.798895847844006,0.864892232025575,0.83189403993479,0.83189403993479
"Like_Hard_Work","|","t1",-1.68699272388947,0.0257010325522919,-65.6391030382563,359744.239072926,0,-1.73736599153903,-1.63661945623991,-1.68699272388947,-1.68699272388947
"Like_Hard_Work","|","t2",-0.860037607281407,0.0169875568215188,-50.6275043737874,447966.969094756,0,-0.893332696797114,-0.826742517765699,-0.860037607281407,-0.860037607281407
"Like_Hard_Work","|","t3",0.390634014020423,0.0152319709420149,25.64566434032,275111.160475792,7.00596436430835e-145,0.360779768215341,0.420488259825505,0.390634014020423,0.390634014020423
"High_Standards","|","t1",-1.88623409728104,0.0297599993578234,-63.3815234537356,54391.3488487914,0,-1.944563922209,-1.82790427235308,-1.88623409728104,-1.88623409728104
"High_Standards","|","t2",-1.29808739919927,0.0203743915489861,-63.7117136027489,90513.1703256996,0,-1.33802100684425,-1.25815379155429,-1.29808739919927,-1.29808739919927
"High_Standards","|","t3",0.0164558346937022,0.0148145553432728,1.11078829653667,209410.523125555,0.266660760626509,-0.0125803280511932,0.0454919974385977,0.0164558346937022,0.0164558346937022
"Plan_Future","|","t1",-1.79903667655858,0.0278439097677664,-64.6114964300467,345868.397464226,0,-1.85360992787099,-1.74446342524617,-1.79903667655858,-1.79903667655858
"Plan_Future","|","t2",-0.800605736888865,0.016675288741815,-48.0115066842149,165246.695932842,0,-0.833288941645755,-0.767922532131976,-0.800605736888865,-0.800605736888865
"Plan_Future","|","t3",0.244465145525574,0.0149758119087115,16.323999460982,280324.093099125,7.10103922942995e-60,0.215112966810379,0.273817324240768,0.244465145525574,0.244465145525574
"Will","|","t1",-1.94517239302036,0.0311949220741922,-62.3554176027136,258895.005444094,0,-2.00631360262866,-1.88403118341207,-1.94517239302036,-1.94517239302036
"Will","|","t2",-0.977188387304971,0.0176941067645718,-55.2267712807949,984276.536807091,0,-1.01186824194795,-0.942508532661993,-0.977188387304971,-0.977188387304971
"Will","|","t3",0.211457179509127,0.0149348057667801,14.1586829324206,1036792.63307347,1.66681816629264e-45,0.18218546391797,0.240728895100284,0.211457179509127,0.211457179509127
"Change_For_Better","|","t1",-2.62070520467313,0.0607083715482171,-43.1687613724189,474972.863116019,0,-2.73969172967889,-2.50171867966736,-2.62070520467313,-2.62070520467313
"Change_For_Better","|","t2",-1.43260031013283,0.0219060899325316,-65.3973536375083,298889.885635141,0,-1.47553563131071,-1.38966498895495,-1.43260031013283,-1.43260031013283
"Change_For_Better","|","t3",-0.0588117750634612,0.0148231360508262,-3.96756630053216,3085183.14852048,7.261195516892e-05,-0.0878645992588866,-0.0297589508680359,-0.0588117750634612,-0.0588117750634612
"Too_Much_Get_Done","|","t1",-1.94778390534338,0.031261452625221,-62.3062507265563,107819.600168898,0,-2.00905591442236,-1.8865118962644,-1.94778390534338,-1.94778390534338
"Too_Much_Get_Done","|","t2",-0.934326851507519,0.0174209554380568,-53.6323541397989,148558.443309194,0,-0.968471574932987,-0.900182128082052,-0.934326851507519,-0.934326851507519
"Too_Much_Get_Done","|","t3",0.205828301844863,0.014928421355497,13.7876803543646,257735.495926733,3.13220866076071e-43,0.176568996235956,0.235087607453771,0.205828301844863,0.205828301844863
"Dont_Give_Up","|","t1",-2.02418715346133,0.0333184553801481,-60.7527308924226,92130.5808858442,0,-2.08949098395523,-1.95888332296742,-2.02418715346133,-2.02418715346133
"Dont_Give_Up","|","t2",-0.711762620640585,0.0162615947110973,-43.7695461783255,239358.419185647,0,-0.743634921774305,-0.679890319506865,-0.711762620640585,-0.711762620640585
"Dont_Give_Up","|","t3",0.601373074958602,0.0158296467048669,37.9903030162832,394804.383257111,3.11603002285953e-315,0.570347442412778,0.632398707504425,0.601373074958602,0.601373074958602
"Know_Want_Life","|","t1",-1.77711444481652,0.0273980848112488,-64.8627251524856,71027.6648715769,0,-1.83081461938294,-1.72341427025009,-1.77711444481652,-1.77711444481652
"Know_Want_Life","|","t2",-0.864018211358456,0.0170095391942191,-50.7960975011072,591436.6618438,0,-0.897356363798687,-0.830680058918225,-0.864018211358456,-0.864018211358456
"Know_Want_Life","|","t3",0.26293779289149,0.015001422194266,17.5275243564569,606137.196001527,9.18609038380066e-69,0.233535486961873,0.292340098821106,0.26293779289149,0.26293779289149
"Goal_Keep_Benefits","|","t1",-1.77686376835333,0.0273930013085308,-64.8656110493437,130929.608195987,0,-1.83055356067595,-1.7231739760307,-1.77686376835333,-1.77686376835333
"Goal_Keep_Benefits","|","t2",-0.501914553019466,0.01551228205113,-32.3559455253009,389786.64754136,2.31146430837681e-229,-0.532318161566926,-0.471510944472006,-0.501914553019466,-0.501914553019466
"Goal_Keep_Benefits","|","t3",0.7155683314209,0.0162780700936664,43.9590398188123,159408.521126317,0,0.683663658052185,0.747473004789616,0.7155683314209,0.7155683314209
"Weigh_Possibilities","|","t1",-2.41648104709373,0.0484235239681351,-49.9030398672323,51031.6250417407,0,-2.51139166115854,-2.32157043302892,-2.41648104709373,-2.41648104709373
"Weigh_Possibilities","|","t2",-1.61978642490478,0.0245663815761646,-65.9350836785979,295993.64936194,0,-1.66793584491509,-1.57163700489447,-1.61978642490478,-1.61978642490478
"Weigh_Possibilities","|","t3",-0.00501328171704027,0.0148138935260075,-0.338417561071225,268327.974587856,0.73504880697882,-0.0340481104681344,0.0240215470340539,-0.00501328171704027,-0.00501328171704027
"Worry_Frequency","~~","Worry_Frequency",0.678534135364826,0,NA,NA,NA,0.678534135364826,0.678534135364826,0.678534135364826,0.678534135364826
"Nervous_Freq_30_Day","~~","Nervous_Freq_30_Day",0.45582946456781,0,NA,NA,NA,0.45582946456781,0.45582946456781,0.45582946456781,0.45582946456781
"Restless_Freq_30_Day","~~","Restless_Freq_30_Day",0.463709153554056,0,NA,NA,NA,0.463709153554056,0.463709153554056,0.463709153554056,0.463709153554056
"Afraid_Freq_30_Day","~~","Afraid_Freq_30_Day",0.414158132390546,0,NA,NA,NA,0.414158132390546,0.414158132390546,0.414158132390546,0.414158132390546
"Frustrated_Freq_30_Day","~~","Frustrated_Freq_30_Day",0.322741901620767,0,NA,NA,NA,0.322741901620767,0.322741901620767,0.322741901620767,0.322741901620767
"Upset_Freq_30_Day","~~","Upset_Freq_30_Day",0.317723173855806,0,NA,NA,NA,0.317723173855806,0.317723173855806,0.317723173855806,0.317723173855806
"Hopeless_Freq","~~","Hopeless_Freq",0.195865353076509,0,NA,NA,NA,0.195865353076509,0.195865353076509,0.195865353076509,0.195865353076509
"Everything_Effort","~~","Everything_Effort",0.437664676505667,0,NA,NA,NA,0.437664676505667,0.437664676505667,0.437664676505667,0.437664676505667
"Worthless_Freq","~~","Worthless_Freq",0.182363194910606,0,NA,NA,NA,0.182363194910606,0.182363194910606,0.182363194910606,0.182363194910606
"Irritable_Freq","~~","Irritable_Freq",0.422240559236583,0,NA,NA,NA,0.422240559236583,0.422240559236583,0.422240559236583,0.422240559236583
"Ashamed_Freq","~~","Ashamed_Freq",0.387527878859036,0,NA,NA,NA,0.387527878859036,0.387527878859036,0.387527878859036,0.387527878859036
"Lonely_Frequency","~~","Lonely_Frequency",0.432599107170797,0,NA,NA,NA,0.432599107170797,0.432599107170797,0.432599107170797,0.432599107170797
"Angry_Freq","~~","Angry_Freq",0.357725149607164,0,NA,NA,NA,0.357725149607164,0.357725149607164,0.357725149607164,0.357725149607164
"People_Mean","~~","People_Mean",0.59058880694317,0,NA,NA,NA,0.59058880694317,0.59058880694317,0.59058880694317,0.59058880694317
"Upset_Think_Day","~~","Upset_Think_Day",0.439452529901667,0,NA,NA,NA,0.439452529901667,0.439452529901667,0.439452529901667,0.439452529901667
"Minor_Setback_Irritate","~~","Minor_Setback_Irritate",0.449475743423822,0,NA,NA,NA,0.449475743423822,0.449475743423822,0.449475743423822,0.449475743423822
"Mood_Up_Down","~~","Mood_Up_Down",0.352170717456453,0,NA,NA,NA,0.352170717456453,0.352170717456453,0.352170717456453,0.352170717456453
"Angry_Ready_Hit","~~","Angry_Ready_Hit",0.639356125058101,0,NA,NA,NA,0.639356125058101,0.639356125058101,0.639356125058101,0.639356125058101
"Enjoy_Hurting_Say_Mean","~~","Enjoy_Hurting_Say_Mean",0.649038525215921,0,NA,NA,NA,0.649038525215921,0.649038525215921,0.649038525215921,0.649038525215921
"When_Insult_Get_Even","~~","When_Insult_Get_Even",0.797725389006319,0,NA,NA,NA,0.797725389006319,0.797725389006319,0.797725389006319,0.797725389006319
"Sometimes_Just_Hit_Someone","~~","Sometimes_Just_Hit_Someone",0.59783875857118,0,NA,NA,NA,0.59783875857118,0.59783875857118,0.59783875857118,0.59783875857118
"More_Sucessful","~~","More_Sucessful",0.706825044051279,0,NA,NA,NA,0.706825044051279,0.706825044051279,0.706825044051279,0.706825044051279
"Others_More_Life","~~","Others_More_Life",0.396667336632794,0,NA,NA,NA,0.396667336632794,0.396667336632794,0.396667336632794,0.396667336632794
"Disapoint_Acheivment","~~","Disapoint_Acheivment",0.485598136456914,0,NA,NA,NA,0.485598136456914,0.485598136456914,0.485598136456914,0.485598136456914
"Gave_Up","~~","Gave_Up",0.513314326364407,0,NA,NA,NA,0.513314326364407,0.513314326364407,0.513314326364407,0.513314326364407
"No_Good_Sense","~~","No_Good_Sense",0.379799457318198,0,NA,NA,NA,0.379799457318198,0.379799457318198,0.379799457318198,0.379799457318198
"Difficult_Arrange","~~","Difficult_Arrange",0.384918379873814,0,NA,NA,NA,0.384918379873814,0.384918379873814,0.384918379873814,0.384918379873814
"Maintaining_Relationships_Hard","~~","Maintaining_Relationships_Hard",0.54036290248669,0,NA,NA,NA,0.54036290248669,0.54036290248669,0.54036290248669,0.54036290248669
"Dont_Fit_Community","~~","Dont_Fit_Community",0.615020769140527,0,NA,NA,NA,0.615020769140527,0.615020769140527,0.615020769140527,0.615020769140527
"Few_Close_Friends","~~","Few_Close_Friends",0.41915372609411,0,NA,NA,NA,0.41915372609411,0.41915372609411,0.41915372609411,0.41915372609411
"No_Warm_Relationship","~~","No_Warm_Relationship",0.492913476610007,0,NA,NA,NA,0.492913476610007,0.492913476610007,0.492913476610007,0.492913476610007
"Activities_Trivial","~~","Activities_Trivial",0.557569184824108,0,NA,NA,NA,0.557569184824108,0.557569184824108,0.557569184824108,0.557569184824108
"Self_Attitude","~~","Self_Attitude",0.460356712391154,0,NA,NA,NA,0.460356712391154,0.460356712391154,0.460356712391154,0.460356712391154
"Backache_Frequency","~~","Backache_Frequency",0.649623115606007,0,NA,NA,NA,0.649623115606007,0.649623115606007,0.649623115606007,0.649623115606007
"Swea_Frequency","~~","Swea_Frequency",0.674182029641514,0,NA,NA,NA,0.674182029641514,0.674182029641514,0.674182029641514,0.674182029641514
"Hot_Flashes","~~","Hot_Flashes",0.746817185028356,0,NA,NA,NA,0.746817185028356,0.746817185028356,0.746817185028356,0.746817185028356
"Falling_Asleep","~~","Falling_Asleep",0.505518082758907,0,NA,NA,NA,0.505518082758907,0.505518082758907,0.505518082758907,0.505518082758907
"Extremities_Aches","~~","Extremities_Aches",0.695207880302378,0,NA,NA,NA,0.695207880302378,0.695207880302378,0.695207880302378,0.695207880302378
"Actively_Carry_Plans","~~","Actively_Carry_Plans",0.408189143830576,0,NA,NA,NA,0.408189143830576,0.408189143830576,0.408189143830576,0.408189143830576
"Like_Difficult_Things","~~","Like_Difficult_Things",0.773699230548748,0,NA,NA,NA,0.773699230548748,0.773699230548748,0.773699230548748,0.773699230548748
"Like_Hard_Work","~~","Like_Hard_Work",0.753193832594584,0,NA,NA,NA,0.753193832594584,0.753193832594584,0.753193832594584,0.753193832594584
"High_Standards","~~","High_Standards",0.73484387815023,0,NA,NA,NA,0.73484387815023,0.73484387815023,0.73484387815023,0.73484387815023
"Plan_Future","~~","Plan_Future",0.545668703596942,0,NA,NA,NA,0.545668703596942,0.545668703596942,0.545668703596942,0.545668703596942
"Will","~~","Will",0.636922351433685,0,NA,NA,NA,0.636922351433685,0.636922351433685,0.636922351433685,0.636922351433685
"Change_For_Better","~~","Change_For_Better",0.463950996012955,0,NA,NA,NA,0.463950996012955,0.463950996012955,0.463950996012955,0.463950996012955
"Too_Much_Get_Done","~~","Too_Much_Get_Done",0.685651296107361,0,NA,NA,NA,0.685651296107361,0.685651296107361,0.685651296107361,0.685651296107361
"Dont_Give_Up","~~","Dont_Give_Up",0.63981870355744,0,NA,NA,NA,0.63981870355744,0.63981870355744,0.63981870355744,0.63981870355744
"Know_Want_Life","~~","Know_Want_Life",0.381179946792244,0,NA,NA,NA,0.381179946792244,0.381179946792244,0.381179946792244,0.381179946792244
"Goal_Keep_Benefits","~~","Goal_Keep_Benefits",0.704093652392375,0,NA,NA,NA,0.704093652392375,0.704093652392375,0.704093652392375,0.704093652392375
"Weigh_Possibilities","~~","Weigh_Possibilities",0.777248217467787,0,NA,NA,NA,0.777248217467787,0.777248217467787,0.777248217467787,0.777248217467787
"Internalizing","~~","Internalizing",1,0,NA,NA,NA,1,1,0.469121919738047,0.469121919738047
"Anatagonistic","~~","Anatagonistic",1,0,NA,NA,NA,1,1,0.39071114053539,0.39071114053539
"Detachment","~~","Detachment",1,0,NA,NA,NA,1,1,0.229131114093402,0.229131114093402
"Somaticizing","~~","Somaticizing",1,0,NA,NA,NA,1,1,0.692438995665685,0.692438995665685
"Disinhibited_Externalizing","~~","Disinhibited_Externalizing",1,0,NA,NA,NA,1,1,0.682856804225713,0.682856804225713
"P_factor","~~","P_factor",1,0,NA,NA,NA,1,1,1,1
"Worry_Frequency","~*~","Worry_Frequency",1,0,NA,NA,NA,1,1,1,1
"Nervous_Freq_30_Day","~*~","Nervous_Freq_30_Day",1,0,NA,NA,NA,1,1,1,1
"Restless_Freq_30_Day","~*~","Restless_Freq_30_Day",1,0,NA,NA,NA,1,1,1,1
"Afraid_Freq_30_Day","~*~","Afraid_Freq_30_Day",1,0,NA,NA,NA,1,1,1,1
"Frustrated_Freq_30_Day","~*~","Frustrated_Freq_30_Day",1,0,NA,NA,NA,1,1,1,1
"Upset_Freq_30_Day","~*~","Upset_Freq_30_Day",1,0,NA,NA,NA,1,1,1,1
"Hopeless_Freq","~*~","Hopeless_Freq",1,0,NA,NA,NA,1,1,1,1
"Everything_Effort","~*~","Everything_Effort",1,0,NA,NA,NA,1,1,1,1
"Worthless_Freq","~*~","Worthless_Freq",1,0,NA,NA,NA,1,1,1,1
"Irritable_Freq","~*~","Irritable_Freq",1,0,NA,NA,NA,1,1,1,1
"Ashamed_Freq","~*~","Ashamed_Freq",1,0,NA,NA,NA,1,1,1,1
"Lonely_Frequency","~*~","Lonely_Frequency",1,0,NA,NA,NA,1,1,1,1
"Angry_Freq","~*~","Angry_Freq",1,0,NA,NA,NA,1,1,1,1
"People_Mean","~*~","People_Mean",1,0,NA,NA,NA,1,1,1,1
"Upset_Think_Day","~*~","Upset_Think_Day",1,0,NA,NA,NA,1,1,1,1
"Minor_Setback_Irritate","~*~","Minor_Setback_Irritate",1,0,NA,NA,NA,1,1,1,1
"Mood_Up_Down","~*~","Mood_Up_Down",1,0,NA,NA,NA,1,1,1,1
"Angry_Ready_Hit","~*~","Angry_Ready_Hit",1,0,NA,NA,NA,1,1,1,1
"Enjoy_Hurting_Say_Mean","~*~","Enjoy_Hurting_Say_Mean",1,0,NA,NA,NA,1,1,1,1
"When_Insult_Get_Even","~*~","When_Insult_Get_Even",1,0,NA,NA,NA,1,1,1,1
"Sometimes_Just_Hit_Someone","~*~","Sometimes_Just_Hit_Someone",1,0,NA,NA,NA,1,1,1,1
"More_Sucessful","~*~","More_Sucessful",1,0,NA,NA,NA,1,1,1,1
"Others_More_Life","~*~","Others_More_Life",1,0,NA,NA,NA,1,1,1,1
"Disapoint_Acheivment","~*~","Disapoint_Acheivment",1,0,NA,NA,NA,1,1,1,1
"Gave_Up","~*~","Gave_Up",1,0,NA,NA,NA,1,1,1,1
"No_Good_Sense","~*~","No_Good_Sense",1,0,NA,NA,NA,1,1,1,1
"Difficult_Arrange","~*~","Difficult_Arrange",1,0,NA,NA,NA,1,1,1,1
"Maintaining_Relationships_Hard","~*~","Maintaining_Relationships_Hard",1,0,NA,NA,NA,1,1,1,1
"Dont_Fit_Community","~*~","Dont_Fit_Community",1,0,NA,NA,NA,1,1,1,1
"Few_Close_Friends","~*~","Few_Close_Friends",1,0,NA,NA,NA,1,1,1,1
"No_Warm_Relationship","~*~","No_Warm_Relationship",1,0,NA,NA,NA,1,1,1,1
"Activities_Trivial","~*~","Activities_Trivial",1,0,NA,NA,NA,1,1,1,1
"Self_Attitude","~*~","Self_Attitude",1,0,NA,NA,NA,1,1,1,1
"Backache_Frequency","~*~","Backache_Frequency",1,0,NA,NA,NA,1,1,1,1
"Swea_Frequency","~*~","Swea_Frequency",1,0,NA,NA,NA,1,1,1,1
"Hot_Flashes","~*~","Hot_Flashes",1,0,NA,NA,NA,1,1,1,1
"Falling_Asleep","~*~","Falling_Asleep",1,0,NA,NA,NA,1,1,1,1
"Extremities_Aches","~*~","Extremities_Aches",1,0,NA,NA,NA,1,1,1,1
"Actively_Carry_Plans","~*~","Actively_Carry_Plans",1,0,NA,NA,NA,1,1,1,1
"Like_Difficult_Things","~*~","Like_Difficult_Things",1,0,NA,NA,NA,1,1,1,1
"Like_Hard_Work","~*~","Like_Hard_Work",1,0,NA,NA,NA,1,1,1,1
"High_Standards","~*~","High_Standards",1,0,NA,NA,NA,1,1,1,1
"Plan_Future","~*~","Plan_Future",1,0,NA,NA,NA,1,1,1,1
"Will","~*~","Will",1,0,NA,NA,NA,1,1,1,1
"Change_For_Better","~*~","Change_For_Better",1,0,NA,NA,NA,1,1,1,1
"Too_Much_Get_Done","~*~","Too_Much_Get_Done",1,0,NA,NA,NA,1,1,1,1
"Dont_Give_Up","~*~","Dont_Give_Up",1,0,NA,NA,NA,1,1,1,1
"Know_Want_Life","~*~","Know_Want_Life",1,0,NA,NA,NA,1,1,1,1
"Goal_Keep_Benefits","~*~","Goal_Keep_Benefits",1,0,NA,NA,NA,1,1,1,1
"Weigh_Possibilities","~*~","Weigh_Possibilities",1,0,NA,NA,NA,1,1,1,1
"Worry_Frequency","~1","",0,0,NA,NA,NA,0,0,0,0
"Nervous_Freq_30_Day","~1","",0,0,NA,NA,NA,0,0,0,0
"Restless_Freq_30_Day","~1","",0,0,NA,NA,NA,0,0,0,0
"Afraid_Freq_30_Day","~1","",0,0,NA,NA,NA,0,0,0,0
"Frustrated_Freq_30_Day","~1","",0,0,NA,NA,NA,0,0,0,0
"Upset_Freq_30_Day","~1","",0,0,NA,NA,NA,0,0,0,0
"Hopeless_Freq","~1","",0,0,NA,NA,NA,0,0,0,0
"Everything_Effort","~1","",0,0,NA,NA,NA,0,0,0,0
"Worthless_Freq","~1","",0,0,NA,NA,NA,0,0,0,0
"Irritable_Freq","~1","",0,0,NA,NA,NA,0,0,0,0
"Ashamed_Freq","~1","",0,0,NA,NA,NA,0,0,0,0
"Lonely_Frequency","~1","",0,0,NA,NA,NA,0,0,0,0
"Angry_Freq","~1","",0,0,NA,NA,NA,0,0,0,0
"People_Mean","~1","",0,0,NA,NA,NA,0,0,0,0
"Upset_Think_Day","~1","",0,0,NA,NA,NA,0,0,0,0
"Minor_Setback_Irritate","~1","",0,0,NA,NA,NA,0,0,0,0
"Mood_Up_Down","~1","",0,0,NA,NA,NA,0,0,0,0
"Angry_Ready_Hit","~1","",0,0,NA,NA,NA,0,0,0,0
"Enjoy_Hurting_Say_Mean","~1","",0,0,NA,NA,NA,0,0,0,0
"When_Insult_Get_Even","~1","",0,0,NA,NA,NA,0,0,0,0
"Sometimes_Just_Hit_Someone","~1","",0,0,NA,NA,NA,0,0,0,0
"More_Sucessful","~1","",0,0,NA,NA,NA,0,0,0,0
"Others_More_Life","~1","",0,0,NA,NA,NA,0,0,0,0
"Disapoint_Acheivment","~1","",0,0,NA,NA,NA,0,0,0,0
"Gave_Up","~1","",0,0,NA,NA,NA,0,0,0,0
"No_Good_Sense","~1","",0,0,NA,NA,NA,0,0,0,0
"Difficult_Arrange","~1","",0,0,NA,NA,NA,0,0,0,0
"Maintaining_Relationships_Hard","~1","",0,0,NA,NA,NA,0,0,0,0
"Dont_Fit_Community","~1","",0,0,NA,NA,NA,0,0,0,0
"Few_Close_Friends","~1","",0,0,NA,NA,NA,0,0,0,0
"No_Warm_Relationship","~1","",0,0,NA,NA,NA,0,0,0,0
"Activities_Trivial","~1","",0,0,NA,NA,NA,0,0,0,0
"Self_Attitude","~1","",0,0,NA,NA,NA,0,0,0,0
"Backache_Frequency","~1","",0,0,NA,NA,NA,0,0,0,0
"Swea_Frequency","~1","",0,0,NA,NA,NA,0,0,0,0
"Hot_Flashes","~1","",0,0,NA,NA,NA,0,0,0,0
"Falling_Asleep","~1","",0,0,NA,NA,NA,0,0,0,0
"Extremities_Aches","~1","",0,0,NA,NA,NA,0,0,0,0
"Actively_Carry_Plans","~1","",0,0,NA,NA,NA,0,0,0,0
"Like_Difficult_Things","~1","",0,0,NA,NA,NA,0,0,0,0
"Like_Hard_Work","~1","",0,0,NA,NA,NA,0,0,0,0
"High_Standards","~1","",0,0,NA,NA,NA,0,0,0,0
"Plan_Future","~1","",0,0,NA,NA,NA,0,0,0,0
"Will","~1","",0,0,NA,NA,NA,0,0,0,0
"Change_For_Better","~1","",0,0,NA,NA,NA,0,0,0,0
"Too_Much_Get_Done","~1","",0,0,NA,NA,NA,0,0,0,0
"Dont_Give_Up","~1","",0,0,NA,NA,NA,0,0,0,0
"Know_Want_Life","~1","",0,0,NA,NA,NA,0,0,0,0
"Goal_Keep_Benefits","~1","",0,0,NA,NA,NA,0,0,0,0
"Weigh_Possibilities","~1","",0,0,NA,NA,NA,0,0,0,0
"Internalizing","~1","",0,0,NA,NA,NA,0,0,0,0
"Anatagonistic","~1","",0,0,NA,NA,NA,0,0,0,0
"Detachment","~1","",0,0,NA,NA,NA,0,0,0,0
"Somaticizing","~1","",0,0,NA,NA,NA,0,0,0,0
"Disinhibited_Externalizing","~1","",0,0,NA,NA,NA,0,0,0,0
"P_factor","~1","",0,0,NA,NA,NA,0,0,0,0
"Worry_Frequency","r2","Worry_Frequency",0.321465864635174,NA,NA,NA,NA,NA,NA,NA,NA
"Nervous_Freq_30_Day","r2","Nervous_Freq_30_Day",0.54417053543219,NA,NA,NA,NA,NA,NA,NA,NA
"Restless_Freq_30_Day","r2","Restless_Freq_30_Day",0.536290846445944,NA,NA,NA,NA,NA,NA,NA,NA
"Afraid_Freq_30_Day","r2","Afraid_Freq_30_Day",0.585841867609454,NA,NA,NA,NA,NA,NA,NA,NA
"Frustrated_Freq_30_Day","r2","Frustrated_Freq_30_Day",0.677258098379233,NA,NA,NA,NA,NA,NA,NA,NA
"Upset_Freq_30_Day","r2","Upset_Freq_30_Day",0.682276826144194,NA,NA,NA,NA,NA,NA,NA,NA
"Hopeless_Freq","r2","Hopeless_Freq",0.804134646923491,NA,NA,NA,NA,NA,NA,NA,NA
"Everything_Effort","r2","Everything_Effort",0.562335323494333,NA,NA,NA,NA,NA,NA,NA,NA
"Worthless_Freq","r2","Worthless_Freq",0.817636805089395,NA,NA,NA,NA,NA,NA,NA,NA
"Irritable_Freq","r2","Irritable_Freq",0.577759440763417,NA,NA,NA,NA,NA,NA,NA,NA
"Ashamed_Freq","r2","Ashamed_Freq",0.612472121140964,NA,NA,NA,NA,NA,NA,NA,NA
"Lonely_Frequency","r2","Lonely_Frequency",0.567400892829203,NA,NA,NA,NA,NA,NA,NA,NA
"Angry_Freq","r2","Angry_Freq",0.642274850392836,NA,NA,NA,NA,NA,NA,NA,NA
"People_Mean","r2","People_Mean",0.40941119305683,NA,NA,NA,NA,NA,NA,NA,NA
"Upset_Think_Day","r2","Upset_Think_Day",0.560547470098333,NA,NA,NA,NA,NA,NA,NA,NA
"Minor_Setback_Irritate","r2","Minor_Setback_Irritate",0.550524256576178,NA,NA,NA,NA,NA,NA,NA,NA
"Mood_Up_Down","r2","Mood_Up_Down",0.647829282543547,NA,NA,NA,NA,NA,NA,NA,NA
"Angry_Ready_Hit","r2","Angry_Ready_Hit",0.360643874941899,NA,NA,NA,NA,NA,NA,NA,NA
"Enjoy_Hurting_Say_Mean","r2","Enjoy_Hurting_Say_Mean",0.350961474784079,NA,NA,NA,NA,NA,NA,NA,NA
"When_Insult_Get_Even","r2","When_Insult_Get_Even",0.202274610993681,NA,NA,NA,NA,NA,NA,NA,NA
"Sometimes_Just_Hit_Someone","r2","Sometimes_Just_Hit_Someone",0.40216124142882,NA,NA,NA,NA,NA,NA,NA,NA
"More_Sucessful","r2","More_Sucessful",0.293174955948721,NA,NA,NA,NA,NA,NA,NA,NA
"Others_More_Life","r2","Others_More_Life",0.603332663367206,NA,NA,NA,NA,NA,NA,NA,NA
"Disapoint_Acheivment","r2","Disapoint_Acheivment",0.514401863543086,NA,NA,NA,NA,NA,NA,NA,NA
"Gave_Up","r2","Gave_Up",0.486685673635593,NA,NA,NA,NA,NA,NA,NA,NA
"No_Good_Sense","r2","No_Good_Sense",0.620200542681802,NA,NA,NA,NA,NA,NA,NA,NA
"Difficult_Arrange","r2","Difficult_Arrange",0.615081620126186,NA,NA,NA,NA,NA,NA,NA,NA
"Maintaining_Relationships_Hard","r2","Maintaining_Relationships_Hard",0.45963709751331,NA,NA,NA,NA,NA,NA,NA,NA
"Dont_Fit_Community","r2","Dont_Fit_Community",0.384979230859473,NA,NA,NA,NA,NA,NA,NA,NA
"Few_Close_Friends","r2","Few_Close_Friends",0.58084627390589,NA,NA,NA,NA,NA,NA,NA,NA
"No_Warm_Relationship","r2","No_Warm_Relationship",0.507086523389993,NA,NA,NA,NA,NA,NA,NA,NA
"Activities_Trivial","r2","Activities_Trivial",0.442430815175892,NA,NA,NA,NA,NA,NA,NA,NA
"Self_Attitude","r2","Self_Attitude",0.539643287608846,NA,NA,NA,NA,NA,NA,NA,NA
"Backache_Frequency","r2","Backache_Frequency",0.350376884393993,NA,NA,NA,NA,NA,NA,NA,NA
"Swea_Frequency","r2","Swea_Frequency",0.325817970358486,NA,NA,NA,NA,NA,NA,NA,NA
"Hot_Flashes","r2","Hot_Flashes",0.253182814971644,NA,NA,NA,NA,NA,NA,NA,NA
"Falling_Asleep","r2","Falling_Asleep",0.494481917241093,NA,NA,NA,NA,NA,NA,NA,NA
"Extremities_Aches","r2","Extremities_Aches",0.304792119697622,NA,NA,NA,NA,NA,NA,NA,NA
"Actively_Carry_Plans","r2","Actively_Carry_Plans",0.591810856169424,NA,NA,NA,NA,NA,NA,NA,NA
"Like_Difficult_Things","r2","Like_Difficult_Things",0.226300769451252,NA,NA,NA,NA,NA,NA,NA,NA
"Like_Hard_Work","r2","Like_Hard_Work",0.246806167405416,NA,NA,NA,NA,NA,NA,NA,NA
"High_Standards","r2","High_Standards",0.26515612184977,NA,NA,NA,NA,NA,NA,NA,NA
"Plan_Future","r2","Plan_Future",0.454331296403058,NA,NA,NA,NA,NA,NA,NA,NA
"Will","r2","Will",0.363077648566315,NA,NA,NA,NA,NA,NA,NA,NA
"Change_For_Better","r2","Change_For_Better",0.536049003987045,NA,NA,NA,NA,NA,NA,NA,NA
"Too_Much_Get_Done","r2","Too_Much_Get_Done",0.314348703892639,NA,NA,NA,NA,NA,NA,NA,NA
"Dont_Give_Up","r2","Dont_Give_Up",0.36018129644256,NA,NA,NA,NA,NA,NA,NA,NA
"Know_Want_Life","r2","Know_Want_Life",0.618820053207756,NA,NA,NA,NA,NA,NA,NA,NA
"Goal_Keep_Benefits","r2","Goal_Keep_Benefits",0.295906347607625,NA,NA,NA,NA,NA,NA,NA,NA
"Weigh_Possibilities","r2","Weigh_Possibilities",0.222751782532213,NA,NA,NA,NA,NA,NA,NA,NA
"Internalizing","r2","Internalizing",0.530878080261953,NA,NA,NA,NA,NA,NA,NA,NA
"Anatagonistic","r2","Anatagonistic",0.60928885946461,NA,NA,NA,NA,NA,NA,NA,NA
"Detachment","r2","Detachment",0.770868885906598,NA,NA,NA,NA,NA,NA,NA,NA
"Somaticizing","r2","Somaticizing",0.307561004334315,NA,NA,NA,NA,NA,NA,NA,NA
"Disinhibited_Externalizing","r2","Disinhibited_Externalizing",0.317143195774287,NA,NA,NA,NA,NA,NA,NA,NA
